{"cameraMode":{"drawMode":0,"name":"Shaded","section":"Shading Mode"},"sceneLighting":true,"audioPlay":false,"sceneViewState":{"showFog":true,"showMaterialUpdate":false,"showSkybox":true,"showFlares":true,"showImageEffects":true,"showParticleSystems":true},"in2DMode":false,"pivot":{"x":10.415473937988282,"y":6.9355669021606449,"z":4.353118896484375},"rotation":{"x":-0.07651349157094956,"y":0.7583639621734619,"z":-0.09052707999944687,"w":-0.6409670114517212},"size":10.0,"orthographic":false}