{"cameraMode":{"drawMode":0,"name":"Shaded","section":"Shading Mode"},"sceneLighting":true,"audioPlay":false,"sceneViewState":{"showFog":true,"showMaterialUpdate":false,"showSkybox":false,"showFlares":true,"showImageEffects":true,"showParticleSystems":true},"in2DMode":false,"pivot":{"x":-1.936767339706421,"y":0.43749260902404787,"z":-4.491304397583008},"rotation":{"x":-0.16235925257205964,"y":-0.09250692278146744,"z":0.015310438349843026,"w":-0.9822824001312256},"size":6.031103134155273,"orthographic":false}