{"cameraMode":{"drawMode":0,"name":"Shaded","section":"Shading Mode"},"sceneLighting":false,"audioPlay":false,"sceneViewState":{"showFog":true,"showMaterialUpdate":false,"showSkybox":false,"showFlares":true,"showImageEffects":true,"showParticleSystems":true},"in2DMode":false,"pivot":{"x":959.9299926757813,"y":499.92999267578127,"z":-2.0100011825561525},"rotation":{"x":0.04676085337996483,"y":0.03595128282904625,"z":-0.0017017758218571544,"w":0.9982787370681763},"size":56.60589599609375,"orthographic":false}