{"cameraMode":{"drawMode":0,"name":"Shaded","section":"Shading Mode"},"sceneLighting":false,"audioPlay":false,"sceneViewState":{"showFog":true,"showMaterialUpdate":false,"showSkybox":false,"showFlares":true,"showImageEffects":true,"showParticleSystems":true},"in2DMode":false,"pivot":{"x":0.02018296718597412,"y":1.4339191913604737,"z":0.28252899646759035},"rotation":{"x":0.5013192892074585,"y":0.4950091242790222,"z":-0.457328736782074,"w":0.5427129864692688},"size":8.233573913574219,"orthographic":false}