{"cameraMode":{"drawMode":0,"name":"Shaded","section":"Shading Mode"},"sceneLighting":true,"audioPlay":false,"sceneViewState":{"showFog":true,"showMaterialUpdate":false,"showSkybox":false,"showFlares":true,"showImageEffects":true,"showParticleSystems":true},"in2DMode":false,"pivot":{"x":-4.306275367736816,"y":1.4278252124786378,"z":-6.123737335205078},"rotation":{"x":-0.11601485311985016,"y":-0.5955385565757752,"z":0.08747075498104096,"w":-0.790097177028656},"size":10.574576377868653,"orthographic":false}