{"cameraMode":{"drawMode":0,"name":"Shaded","section":"Shading Mode"},"sceneLighting":false,"audioPlay":false,"sceneViewState":{"showFog":true,"showMaterialUpdate":false,"showSkybox":false,"showFlares":true,"showImageEffects":true,"showParticleSystems":true},"in2DMode":false,"pivot":{"x":-6.159450054168701,"y":0.7017514109611511,"z":1.8731060028076172},"rotation":{"x":-0.1378057450056076,"y":-0.7382943630218506,"z":0.15876589715480805,"w":-0.6408980488777161},"size":2.7722718715667726,"orthographic":false}