{"cameraMode":{"drawMode":0,"name":"Shaded","section":"Shading Mode"},"sceneLighting":true,"audioPlay":false,"sceneViewState":{"showFog":true,"showMaterialUpdate":false,"showSkybox":false,"showFlares":true,"showImageEffects":true,"showParticleSystems":true},"in2DMode":false,"pivot":{"x":-2.8064584732055666,"y":0.4274003505706787,"z":-4.359611511230469},"rotation":{"x":-0.16235925257205964,"y":-0.09250692278146744,"z":0.015310438349843026,"w":-0.9822824001312256},"size":16.004150390625,"orthographic":false}