{"cameraMode":{"drawMode":0,"name":"Shaded","section":"Shading Mode"},"sceneLighting":true,"audioPlay":false,"sceneViewState":{"showFog":true,"showMaterialUpdate":false,"showSkybox":false,"showFlares":true,"showImageEffects":true,"showParticleSystems":true},"in2DMode":false,"pivot":{"x":6.186081886291504,"y":-1.2511775493621827,"z":-2.251224994659424},"rotation":{"x":-0.10999805480241776,"y":-0.5855675935745239,"z":0.08062964677810669,"w":-0.79908686876297},"size":18.263395309448243,"orthographic":false}