{"cameraMode":{"drawMode":0,"name":"Shaded","section":"Shading Mode"},"sceneLighting":true,"audioPlay":false,"sceneViewState":{"showFog":true,"showMaterialUpdate":false,"showSkybox":false,"showFlares":true,"showImageEffects":true,"showParticleSystems":true},"in2DMode":false,"pivot":{"x":-2.093229293823242,"y":1.77370023727417,"z":-2.8698058128356935},"rotation":{"x":-0.08185803890228272,"y":-0.7661446332931519,"z":0.09963692724704743,"w":-0.6296225786209106},"size":22.848066329956056,"orthographic":false}