{"cameraMode":{"drawMode":0,"name":"Shaded","section":"Shading Mode"},"sceneLighting":true,"audioPlay":false,"sceneViewState":{"showFog":true,"showMaterialUpdate":false,"showSkybox":false,"showFlares":true,"showImageEffects":true,"showParticleSystems":true},"in2DMode":false,"pivot":{"x":-1.9545528888702393,"y":1.8848140239715577,"z":4.092765808105469},"rotation":{"x":-0.18215502798557282,"y":0.03745490685105324,"z":-0.006924210116267204,"w":-0.9825477004051209},"size":19.18704605102539,"orthographic":false}