{"cameraMode":{"drawMode":0,"name":"Shaded","section":"Shading Mode"},"sceneLighting":true,"audioPlay":false,"sceneViewState":{"showFog":true,"showMaterialUpdate":false,"showSkybox":true,"showFlares":true,"showImageEffects":true,"showParticleSystems":true},"in2DMode":false,"pivot":{"x":-5.449299335479736,"y":-10.776470184326172,"z":-21.60198402404785},"rotation":{"x":-0.004624488297849894,"y":0.8916258811950684,"z":-0.4527004659175873,"w":-0.009090813808143139},"size":22.0,"orthographic":false}