{"cameraMode":{"drawMode":0,"name":"Shaded","section":"Shading Mode"},"sceneLighting":true,"audioPlay":false,"sceneViewState":{"showFog":true,"showMaterialUpdate":false,"showSkybox":true,"showFlares":true,"showImageEffects":true,"showParticleSystems":true},"in2DMode":false,"pivot":{"x":-2.176999092102051,"y":7.420891284942627,"z":-13.210647583007813},"rotation":{"x":0.0010978513164445758,"y":0.9957482814788818,"z":-0.011949554085731507,"w":0.09136613458395004},"size":37.432701110839847,"orthographic":false}