{"cameraMode":{"drawMode":0,"name":"Shaded","section":"Shading Mode"},"sceneLighting":true,"audioPlay":false,"sceneViewState":{"showFog":true,"showMaterialUpdate":false,"showSkybox":true,"showFlares":true,"showImageEffects":true,"showParticleSystems":true},"in2DMode":false,"pivot":{"x":-8.307247161865235,"y":-12.572718620300293,"z":-21.78862762451172},"rotation":{"x":-0.011850039474666119,"y":0.8823949694633484,"z":-0.46987515687942507,"w":-0.022236861288547517},"size":22.0,"orthographic":false}