{"cameraMode":{"drawMode":0,"name":"Shaded","section":"Shading Mode"},"sceneLighting":false,"audioPlay":false,"sceneViewState":{"showFog":true,"showMaterialUpdate":false,"showSkybox":false,"showFlares":true,"showImageEffects":true,"showParticleSystems":true},"in2DMode":false,"pivot":{"x":-0.005147218704223633,"y":0.9498814344406128,"z":0.013808012008666993},"rotation":{"x":0.00048344521201215684,"y":0.9970331192016602,"z":-0.07673287391662598,"w":0.006282360292971134},"size":9.906850814819336,"orthographic":false}