{"cameraMode":{"drawMode":0,"name":"Shaded","section":"Shading Mode"},"sceneLighting":true,"audioPlay":false,"sceneViewState":{"showFog":true,"showMaterialUpdate":false,"showSkybox":true,"showFlares":true,"showImageEffects":true,"showParticleSystems":true},"in2DMode":false,"pivot":{"x":-5.797937393188477,"y":-6.2138237953186039,"z":-29.861852645874025},"rotation":{"x":0.009462401270866394,"y":-0.9772846698760986,"z":0.2070830762386322,"w":0.04459863156080246},"size":22.0,"orthographic":false}
