{"cameraMode":{"drawMode":0,"name":"Shaded","section":"Shading Mode"},"sceneLighting":true,"audioPlay":false,"sceneViewState":{"showFog":true,"showMaterialUpdate":false,"showSkybox":true,"showFlares":true,"showImageEffects":true,"showParticleSystems":true},"in2DMode":false,"pivot":{"x":46.9927864074707,"y":-1.4597212076187134,"z":-3.113776683807373},"rotation":{"x":0.09517492353916168,"y":0.6779896020889282,"z":-0.08919554203748703,"w":0.7234145402908325},"size":10.0,"orthographic":false}