{"cameraMode":{"drawMode":0,"name":"Shaded","section":"Shading Mode"},"sceneLighting":true,"audioPlay":false,"sceneViewState":{"showFog":true,"showMaterialUpdate":false,"showSkybox":true,"showFlares":true,"showImageEffects":true,"showParticleSystems":true},"in2DMode":false,"pivot":{"x":-2.491482973098755,"y":2.367185592651367,"z":1.4101744890213013},"rotation":{"x":0.00800335593521595,"y":0.9503930807113648,"z":-0.3100111186504364,"w":0.024526463821530343},"size":2.902803659439087,"orthographic":false}